{"train_loss": [1.8348128818860738, 0.9715293569508756, 0.8043005981731532, 0.7271709679672034, 0.6755753589037916, 0.632262824638055, 0.6040013053426796, 0.5774770405991833, 0.5600377132304677, 0.5467412807969468, 0.5318307444766754, 0.5206206444614004, 0.5121026072226981, 0.5013733721375097, 0.4910153636782624], "val_loss": [1.1182239654645398, 0.895972822584323, 0.7776083528105893, 0.7801188635292338, 0.7052252667756816, 0.6654775713510181, 0.6413594098826546, 0.6017516311721423, 0.5992311859012243, 0.5905537802485091, 0.5848605614989552, 0.569165947573695, 0.5759555671493806, 0.5750929358883283, 0.5654297519234283], "train_acc": [44.58554985975433, 71.38407969823, 76.03830157655479, 78.51242866814972, 80.16442595995744, 81.6171776767579, 82.47219266853661, 83.19083083470355, 83.66960054163846, 84.11645226811103, 84.57007447528774, 84.7896314924074, 84.97050004836058, 85.30902408356708, 85.60789244607795], "val_acc": [66.25437572928821, 73.33333333333333, 76.93504472967717, 76.7561260210035, 79.61882535978219, 80.73901205756515, 81.32244262932711, 82.72267600155581, 82.8393621159082, 82.64488525865421, 83.29054842473745, 83.64838584208479, 83.42279268767017, 83.44612991054065, 83.63282769350447]}