{"train_loss": [2.266226464273906, 1.3370215483009815, 1.0948811981568831, 0.9655646089427542, 0.8854456315425658, 0.8318341001314987, 0.7906175152684497, 0.7556649441876919, 0.7264839539322818, 0.7027002809163515, 0.6811595910809712, 0.6609824126826065, 0.6448938029974994, 0.6286017535309686, 0.6145150656950208, 0.6012283357524193, 0.5912454984436678, 0.5799818945642893, 0.5697752550926687, 0.5614817759003674, 0.5514105296979593, 0.5457882448145659, 0.5369268316904655, 0.5289326087009198, 0.5207869954370331, 0.5160546726316656, 0.5086518111408199, 0.5016150428120526, 0.49830433783481026, 0.49063297292899966, 0.48462212490526463, 0.4799033553791371, 0.4763290734436031, 0.4714413828050515], "val_loss": [1.5866359507859642, 1.1920401038815134, 1.1063573473128514, 1.0337684839519101, 0.9227571273917583, 0.851783260184141, 0.8239585478507464, 0.8087671676381903, 0.779538409033818, 0.7518159742675611, 0.771310163967645, 0.7170382226581005, 0.7046905788616161, 0.6972192949916592, 0.7022626778083061, 0.7085026714635726, 0.6687763773683292, 0.6847139404187748, 0.6724443573560288, 0.6477052707280686, 0.6575189133485159, 0.6439118213321439, 0.6339685781974698, 0.6319137650046183, 0.6248616548023413, 0.620852219376398, 0.6283851341525121, 0.62418254475985, 0.6048272983796561, 0.6132546778193754, 0.6093392528556473, 0.6191443207845166, 0.6107965073182215, 0.611590202990456], "train_acc": [31.434374697746396, 60.51358932198472, 67.40206983267241, 71.2138504690976, 73.57384660025147, 75.07109004739337, 76.20949801721636, 77.29470935293548, 78.04333107650643, 78.71264145468614, 79.57926298481478, 80.09672115291615, 80.58516297514267, 81.06103104749009, 81.57171873488733, 81.9760131540768, 82.13076699874263, 82.67143824354386, 82.82812651126801, 83.14343746977464, 83.41715833252732, 83.54773188896412, 83.83692813618339, 84.10194409517362, 84.20350130573557, 84.37082890028049, 84.59328755198761, 84.80800851146145, 84.93568043331076, 85.19199148853855, 85.37576167907922, 85.45313860141214, 85.5392204275075, 85.80036754038107], "val_acc": [53.48113574484636, 64.41851419681058, 67.15674834694671, 68.84480746791132, 72.50875145857643, 74.43018280824582, 75.59704395176973, 76.16491637495137, 76.42162582652665, 77.47957992998833, 77.39401011279658, 78.6542201478024, 79.45546479968884, 79.43990665110852, 79.33877868533645, 78.93426682224815, 80.37339556592765, 80.04667444574096, 80.23337222870478, 81.1124076234928, 80.81680280046675, 81.18241929210424, 81.14352392065344, 81.38467522364839, 81.6491637495138, 81.9369894982497, 81.52469856087126, 81.44690781796966, 82.29482691559704, 82.25593154414625, 82.57487359004278, 82.08479190976274, 82.35705950991832, 82.13924542979386]}