{"train_loss": [2.533646812385852, 1.67640456040897, 1.397397746470305, 1.2329070943933311, 1.1227681308542148, 1.0534017128076885, 0.9917589779389967, 0.9439759768988236, 0.9076310623953543, 0.8718412265292194, 0.8487681861745544, 0.824887224906447, 0.8042885617601989, 0.7834059325332688, 0.771715945315243, 0.7513610999109132, 0.7398128209838478, 0.7312562886146036, 0.7163923615036477, 0.7066219176838894, 0.6955046783395038, 0.6853741219654532, 0.6759164770419644, 0.6693213637364973, 0.6606553236557411, 0.6533018258852091, 0.6459782013466747, 0.6406762522488537, 0.634600826354679, 0.6264684882088758, 0.6201569563386464, 0.6166871250099918, 0.6083475928661404, 0.6058456690447165, 0.5995481225689596, 0.5927214647947562, 0.5930519705306333, 0.5864872434775871, 0.5852288577133918, 0.5785097346484366, 0.5738911827804871, 0.5719283440399288, 0.5694870847821383, 0.562864170990663, 0.5579766206590846, 0.5578869973761168, 0.5525230389586328, 0.5537513098264537, 0.5473926128487628, 0.5474867074390745], "val_loss": [1.8490187012734105, 1.4982445839032605, 1.3487608189606548, 1.170426738499409, 1.113245899701, 1.001997499323603, 0.9766217458307447, 0.939319867103254, 0.9191037861268911, 0.8841454145030596, 0.8776324286093167, 0.846547537775182, 0.8502812364801245, 0.8334419754014086, 0.7884813680577634, 0.7652384091669054, 0.788813295204248, 0.7494571253434935, 0.7945206095626698, 0.7526451915650818, 0.7562470642191854, 0.7252796219652565, 0.7267656891203639, 0.7312446003826103, 0.7355813507120408, 0.7022513065172072, 0.7063379078658659, 0.699481721096371, 0.6883178766983659, 0.6939715290840586, 0.685107894575418, 0.703883805381718, 0.680683010772093, 0.6706592015069516, 0.6649239344976434, 0.6602632850408554, 0.6765270618656974, 0.6530460374272284, 0.6565985737451866, 0.649704594146553, 0.6649890518307093, 0.6396125605450341, 0.6469663640308143, 0.6535971241803905, 0.6435342100425739, 0.6472578740386821, 0.6337446273855902, 0.6403213035852755, 0.6611946543947381, 0.6302482481323072], "train_acc": [22.767192184930845, 48.84998549182706, 58.73488731985685, 63.9820098655576, 67.25505368023987, 68.93800174098075, 70.68091691652964, 72.03888190347229, 73.09120804719993, 74.19382919044395, 74.7016152432537, 75.47151562046619, 76.18918657510397, 76.6321694554599, 77.08289002804914, 77.56843021568817, 77.9311345391237, 78.20292097881807, 78.69910049327788, 78.96121481768063, 79.43127962085308, 79.64696779185608, 79.96034432730438, 80.05126221104555, 80.4565238417642, 80.58903182125931, 80.84050681884128, 81.07940806654415, 81.2612438340265, 81.45565335138795, 81.599767869233, 81.8202920978818, 81.99632459618918, 82.06306219170132, 82.26811103588355, 82.46058613018667, 82.41512718831609, 82.70335622400619, 82.68691362801044, 82.79233968468904, 83.08637198955411, 83.0389786246252, 83.19566689234935, 83.28174871844472, 83.45681400522294, 83.53032208143921, 83.59899410000968, 83.55353515813908, 83.71989554115486, 83.76535448302543], "val_acc": [45.46091015169195, 55.371450797355116, 60.00777907429016, 65.6242707117853, 67.18786464410735, 69.91054064566316, 70.83625048619214, 71.97199533255542, 72.62543757292882, 73.74562427071179, 73.62115908206924, 74.9124854142357, 74.50797355114742, 75.50369506028782, 76.60832360949047, 77.11396343835084, 76.43718397510696, 77.53403345001945, 76.52275379229872, 77.77518475301439, 77.51069622714897, 78.17191754181252, 78.14858031894205, 78.40528977051731, 77.9074290159471, 79.22987164527422, 78.8486970050564, 79.27654609101516, 79.5565927654609, 79.36211590820692, 79.72773239984441, 78.89537145079736, 79.75884869700505, 80.28004667444574, 80.50563982886037, 80.54453520031116, 79.92998833138857, 80.66122131466355, 80.6534422403734, 80.75457020614547, 80.41229093737846, 81.16686114352392, 81.04239595488137, 80.91793076623881, 81.09684947491249, 80.9801633605601, 81.57915208090238, 81.15908206923376, 80.42784908595877, 81.4780241151303]}