{"train_loss": [1.5305990190567946, 0.8379913841438765, 0.7093724467524207, 0.641359737437993, 0.5929190185345193, 0.5612439687114836, 0.5355189397728236, 0.5130662585673208, 0.4949148873346719, 0.4813606793817022, 0.46644370744724084, 0.4537923027401661, 0.4427241743634464, 0.43146297789759713, 0.42368567621077197, 0.4130872142879237, 0.4048477195290904, 0.39227092616481357, 0.3851394459586775, 0.3761236245356648, 0.36768956968819005, 0.362834810417625, 0.357638114048998, 0.34662603893510924], "val_loss": [0.9726913399364224, 0.7913026293711876, 0.7052153342991919, 0.6431382271780897, 0.6241674186726708, 0.6036890792609447, 0.5677009895073241, 0.5759082232689976, 0.5540944297070527, 0.5342221634453209, 0.533182577633146, 0.5597053357766042, 0.5448987555889347, 0.522972732856499, 0.5303576211282863, 0.5300005572055703, 0.516289129482573, 0.5294922885313555, 0.5064918260224422, 0.532345440776194, 0.5382084726397671, 0.543211478128362, 0.52704419759079, 0.5405089112360086], "train_acc": [53.95202630815359, 74.7615823580617, 78.74262501209014, 80.92175258729084, 82.5679466099236, 83.47422381274785, 84.24122255537286, 84.76448399264919, 85.37672889060838, 85.77618725215204, 86.17467840216655, 86.6050875326434, 86.72405455073024, 87.18348002708193, 87.3894960827933, 87.68739723377503, 87.91662636618628, 88.24064222845536, 88.51242866814972, 88.77937905019827, 88.96121481768063, 89.14111616210465, 89.29200116065384, 89.62085308056872], "val_acc": [70.92959937767405, 76.26604434072345, 78.78646441073512, 81.08907040062232, 81.99922209257099, 82.66044340723454, 83.70283936211591, 83.2827693504473, 84.23181641384676, 84.72967716841696, 84.67522364838584, 83.77285103072734, 84.15402567094516, 84.77635161415792, 84.69856087125632, 85.24309607156748, 84.93971217425127, 85.21975884869701, 85.53870089459355, 84.9708284714119, 85.0875145857643, 84.87747957992998, 85.2975495915986, 85.1808634772462]}