{"train_loss": [1.7909615178878355, 0.969389873676666, 0.8142324188668834, 0.7362864649126141, 0.6817238731863032, 0.6400535462129087, 0.6095536620365364, 0.5890599608347558, 0.5691567118012226, 0.5503757310072237, 0.5351333324751346, 0.5263550880890672, 0.5129228115893236, 0.502377557531368, 0.4956508452386254, 0.48861257094742344, 0.4807153594504931, 0.475924328213908, 0.4694039098789344, 0.45990209416071376, 0.45983824235304155, 0.4523805421454334, 0.44716323371792194, 0.4435433602274054, 0.44031190565132566, 0.43402660802228027, 0.4292016948693165, 0.4279847151350857, 0.4232181379626883, 0.4192986166943787, 0.4177117360027341], "val_loss": [1.1790561450654595, 0.85543072609166, 0.789072237501097, 0.7328989688140243, 0.7092414885314543, 0.6490072609476782, 0.6303711866413183, 0.6636754673956639, 0.6308816406709045, 0.5818058527375928, 0.5785457911479532, 0.5796239398308655, 0.5775208921723105, 0.6061285484341247, 0.5636666086479206, 0.5597619261611161, 0.5909569942536046, 0.5608929752265636, 0.5554661945027498, 0.5542072541085049, 0.5670284752673771, 0.5725953774665719, 0.5644844657746121, 0.5548877064416657, 0.550985235628204, 0.5430980491549221, 0.550849847829164, 0.5543774852705239, 0.5518466452164437, 0.5605152237474622, 0.5591350835354174], "train_acc": [45.95125253893026, 71.22835864203502, 75.60402359996131, 77.99980655769417, 79.93422961601702, 81.34248960247606, 82.23522584389205, 82.83296256891383, 83.35719121771932, 83.92591159686623, 84.27120611277687, 84.64938582067899, 85.00822129799788, 85.24905696875906, 85.41638456330399, 85.72782667569398, 85.85066253989747, 85.91933455846794, 86.14759647935003, 86.43969436115678, 86.44356320727343, 86.76661185801335, 86.76564464648419, 86.88654608762937, 87.02389012477029, 87.15059483509043, 87.35854531386015, 87.24344714188993, 87.43011896701809, 87.59647935003385, 87.6351678112003], "val_acc": [65.15752625437572, 74.28238039673279, 76.1026837806301, 78.33527810190587, 79.33877868533645, 80.40451186308829, 81.62582652664332, 80.87903539478802, 81.8825359782186, 82.89381563593932, 83.58615324776352, 83.23609490470633, 83.26721120186697, 82.94826915597044, 83.67950213924543, 83.71061843640607, 83.04161804745236, 83.5705950991832, 84.36406067677946, 84.21625826526643, 83.67172306495527, 84.05289770517308, 84.13068844807468, 84.02178140801244, 84.46518864255154, 84.3951769739401, 84.29404900816803, 84.61299105406457, 84.58187475690393, 84.28626993387788, 84.3951769739401]}