{"train_loss": [1.7338454163089247, 0.9448169666978687, 0.7954316832088303, 0.7059842175481343, 0.6509049956843552, 0.6107070460491398, 0.5763137383146746, 0.5512930105929033, 0.5305104684361285, 0.5144018003680181, 0.5001247243052072, 0.48449761506243805, 0.47071993212667435, 0.4607636960278643, 0.4481051015427871, 0.44106590419565095, 0.43115272798971965, 0.41940348703266667, 0.41177364305067476, 0.4072387079606847, 0.3962220247364649, 0.38860080723125157, 0.3810529942107894, 0.3766113141145889, 0.3680304087845996, 0.3643872724836784, 0.35554983935291223], "val_loss": [1.1318656078618556, 0.9320637441393155, 0.7671418178140821, 0.7386006840425937, 0.7024540481579244, 0.6450714653552468, 0.6073528164210011, 0.6018739036511426, 0.588518152189492, 0.5820532389985982, 0.5797163568325897, 0.5654925228054843, 0.5691836759522186, 0.5547262312316182, 0.5709331432978312, 0.5496936882313211, 0.5667582478985858, 0.5466464384278255, 0.5453573367488918, 0.5367330717506693, 0.5574412808489444, 0.5353008153574976, 0.5674426403656527, 0.5501213618623677, 0.5429340768512801, 0.5492569061357584, 0.5469162051950521], "train_acc": [47.47170906277203, 71.87252152045653, 75.9454492697553, 78.65557597446562, 80.50585162975143, 81.89089853951059, 82.91324112583422, 83.61930554212206, 84.13386207563595, 84.76448399264919, 85.1001063932682, 85.50246638939936, 85.89612148176806, 86.18725215204566, 86.48225166843989, 86.79659541541736, 87.0258245478286, 87.38369281361834, 87.52103685075926, 87.71254473353322, 88.01528194216075, 88.14585549859754, 88.45923203404584, 88.55111712931618, 88.77744462713996, 88.87610020311442, 89.02601799013445], "val_acc": [66.58109684947492, 72.86658887592377, 76.77946324387398, 77.9852197588487, 79.71995332555426, 81.1513029949436, 82.32594321275768, 82.06145468689226, 82.48152469856088, 83.11162971606379, 83.02605989887203, 83.3761182419292, 83.69506028782575, 84.12290937378452, 83.47724620770128, 84.01400233372229, 83.609490470634, 84.37183975106963, 84.17736289381564, 84.53520031116297, 83.83508362504863, 84.86970050563983, 84.27071178529755, 84.7218980941268, 84.7218980941268, 84.5663166083236, 85.01750291715285]}