{"train_loss": [1.8203269137751938, 0.97056105153838, 0.8145259269835925, 0.7325884920388165, 0.6770460622956848, 0.6353433880180416, 0.6060093309324567, 0.5861678037995307, 0.5650123420936783, 0.5484751205301226, 0.5360593954008994, 0.52452113807644, 0.5117182503131652, 0.503599303986619, 0.492436306933771], "val_loss": [1.1066496001547248, 0.8712648741937988, 0.7826411701850037, 0.7312983295217675, 0.6949895397940679, 0.640158129123906, 0.6319330592653645, 0.642335478197876, 0.5994975726995895, 0.5993202088484123, 0.591684761257907, 0.5972266920763462, 0.5795345602937005, 0.5795371390100735, 0.5795869638967277], "train_acc": [45.62917109971951, 71.354096140826, 75.71622013734404, 78.4979204952123, 80.3385240352065, 81.54657123512912, 82.37160266950382, 82.953864010059, 83.55643679272657, 84.0371409227198, 84.3505174581681, 84.85830351097785, 85.09236870103491, 85.15620466195958, 85.57500725408647], "val_acc": [66.61221314663555, 73.63671723064955, 76.58498638661999, 78.82535978218591, 79.84441851419682, 81.47024504084014, 81.69583819525477, 81.61804745235317, 82.67600155581486, 82.89381563593932, 82.9949436017114, 82.67600155581486, 83.11162971606379, 83.60171139634383, 83.46946713341113]}