{"train_loss": [1.6820263325209075, 0.8750885656232587, 0.721223145216187, 0.6421806625745231, 0.5937781732455634, 0.561538132866568, 0.5361234701266235, 0.5151732721467419, 0.4968191414223154, 0.4832556341857751, 0.47007333143328384, 0.45851422568303674, 0.44358189096489903, 0.44004509253611807, 0.42711059830732423, 0.41826101297531093, 0.4120324788347698, 0.40366146819997983, 0.39772097488385766], "val_loss": [1.2689016740120465, 0.769344881399354, 0.7119590686031835, 0.6638701131094747, 0.6267830907408871, 0.6048378037724329, 0.5746374941287349, 0.5923705181079124, 0.5679275026517128, 0.5639685582165694, 0.5790084034056213, 0.5496182192617388, 0.5418067334303215, 0.5412870979131158, 0.5538364186957108, 0.5549144986553571, 0.5614263621432272, 0.5467671496951165, 0.545716866850853], "train_acc": [49.08888673952993, 73.71119063739239, 78.41570751523358, 81.06780152819421, 82.55537286004449, 83.45197794757713, 84.16771447915659, 84.82735274204468, 85.32353225650449, 85.63884321501112, 86.15049811393752, 86.33426830447819, 86.79079214624238, 86.84011993422962, 87.28116839152723, 87.54134829287165, 87.69126607989168, 87.88567559725313, 88.07718348002709], "val_acc": [61.68028004667445, 77.16841695838195, 79.21431349669389, 80.19447685725399, 81.6491637495138, 82.3803967327888, 83.33722287047841, 82.74601322442629, 83.31388564760793, 83.41501361338001, 83.47724620770128, 84.16180474523532, 84.38739789964994, 84.48074679113185, 84.30182808245819, 84.3562816024893, 84.20847919097628, 84.3951769739401, 84.61299105406457]}