{"train_loss": [1.5589941258330156, 0.8593819693357932, 0.7336019969517642, 0.6637263554102271, 0.6200705797844889, 0.5859221054222619, 0.5644043149832304, 0.5450006895191452, 0.5273576749553258, 0.5179025976282388, 0.5064882617167169, 0.492834878144878, 0.48647972336038947, 0.4775500628304216, 0.47124797903407034, 0.4616998703020745, 0.45642422086623785, 0.448074288481828, 0.4429752165636066, 0.43994856554793543, 0.43137685467240094, 0.42714766067185317, 0.42438105992640895, 0.42065066464088563, 0.41353263467605605, 0.41067124598908544, 0.40491503657828465, 0.4026433468455135, 0.3978068368592401], "val_loss": [0.9882795328821116, 0.8230944369266282, 0.712316371166884, 0.6662765269107487, 0.6418951188598699, 0.6194588092725668, 0.6139870455015951, 0.5746050326533578, 0.5792191902648157, 0.5725296534857347, 0.568642035645632, 0.5830035595158439, 0.5529446916941979, 0.5433640455576911, 0.5349999017531599, 0.5314592674596986, 0.5408546329285968, 0.5321728297282214, 0.5380180378754934, 0.526017809166244, 0.5263829155644374, 0.5288029986975799, 0.5260478138775375, 0.5244921205648735, 0.530184607452421, 0.5429597829853124, 0.5349367917028826, 0.5535814495229009, 0.527065161967752], "train_acc": [52.91807718348003, 74.68710707031627, 78.29190443950093, 80.69155624335042, 82.10465228745527, 82.94709352935487, 83.60189573459715, 84.08163265306122, 84.64841860914981, 84.9975819711771, 85.3486797562627, 85.66399071476933, 85.81294129026018, 86.11180965277106, 86.23271109391624, 86.54995647548118, 86.71631685849695, 86.8778411838669, 87.07515233581584, 87.12834896991973, 87.3595125253893, 87.47364348583035, 87.54811877357578, 87.68352838765838, 87.93597059676951, 88.00174098075249, 88.17487184447239, 88.25128155527614, 88.39442886159203], "val_acc": [70.33061065733177, 75.53481135744846, 79.11318553092183, 80.63788409179308, 81.54803578374174, 82.02255931544146, 82.35705950991832, 83.69506028782575, 83.47724620770128, 83.51614157915208, 83.50058343057177, 83.85064177362894, 84.3951769739401, 84.49630493971218, 84.58187475690393, 84.88525865422015, 84.69856087125632, 84.78413068844807, 85.00194476857254, 85.04861921431349, 85.46091015169195, 85.14974718008557, 85.21197977440684, 85.12640995721509, 85.52314274601322, 84.87747957992998, 84.63632827693505, 84.9708284714119, 85.20420070011669]}