{"train_loss": [2.740213171606607, 1.9859724311840417, 1.654039724038379, 1.41671786464677, 1.2488265168843884, 1.144169308171414, 1.0707091482927893, 1.0089540134488355, 0.9619321196459898, 0.9157243122595666, 0.8820715038345592, 0.8518560900362117, 0.8279039479312625, 0.8062925260735325, 0.7863371931385286, 0.7719349527528675, 0.7565268185174111, 0.7416221475468414, 0.7310139150865892, 0.7224157871586261, 0.7098308248205645, 0.702057220668781, 0.6903500178884162, 0.6820136676957407, 0.6737954896496664, 0.6606786977130883, 0.6559014907198968, 0.6486294580771044, 0.6397866361433326, 0.6330345434109026, 0.6259069420249745, 0.6213103785908015, 0.614167364673818, 0.6086720380157528, 0.6027856031617168, 0.5977377396925251, 0.5926138585673111, 0.5878410262267778, 0.5846869449435484, 0.5818763190677555, 0.5731430611766801, 0.5715194756515546, 0.5676334613362456, 0.5624697397988622, 0.5588371878084127, 0.5576807921567913, 0.554027413082595, 0.5500954751220375, 0.5446749962497466, 0.5448397561206971], "val_loss": [2.1688236122700704, 1.7751438510951711, 1.5418881604920571, 1.3053879402763215, 1.2078669269879658, 1.1137156198866924, 1.0777724661044221, 0.9999567510476753, 0.938842306386179, 0.9173446534877986, 0.8799401929425956, 0.8527532415603524, 0.8395828975373832, 0.8037424047491444, 0.7874381294594476, 0.7885457575321198, 0.8010164709826607, 0.7911368830880122, 0.7980250173540258, 0.7381788622680588, 0.7350526041355893, 0.7484761658889144, 0.7232034714957375, 0.7295832319639215, 0.7474889583255521, 0.6933933984284377, 0.6981102327505747, 0.6948680957751487, 0.6718687395847852, 0.6718176042855676, 0.665698385505534, 0.6612790688798202, 0.6665885486264727, 0.6599481509099552, 0.6533310061960078, 0.6467838124256229, 0.6448449548797228, 0.6468506164070386, 0.6404116374639729, 0.6301955574780554, 0.6318531974927702, 0.6406991243065886, 0.629723631846371, 0.613423376756521, 0.6271212783767216, 0.6076825141758468, 0.6142173201883611, 0.6045910322399282, 0.6096600917589605, 0.6036319316026584], "train_acc": [16.508366379727246, 38.073314633910435, 50.475868072347424, 58.16229809459329, 63.498404100976884, 66.66602185898056, 68.7010349163362, 70.53680239868459, 71.96247219266854, 73.15214237353709, 74.18318986362317, 74.96179514459813, 75.6117612921946, 76.3013831124867, 76.82657897282135, 77.28310281458555, 77.51039752393848, 78.03559338427314, 78.39056001547539, 78.64300222458651, 78.98829674049715, 79.22623077667086, 79.6392300996228, 79.94100009672115, 80.30563884321501, 80.60837605184254, 80.81535931908309, 81.11422768159396, 81.36376825611761, 81.73130863719895, 81.92184930844375, 81.99825901924751, 82.17332430602573, 82.33291420833736, 82.56407776380695, 82.70432343553536, 82.89486410678015, 82.98965083663798, 83.05445400909178, 83.10668343166651, 83.33881419866525, 83.37363381371506, 83.50420737015185, 83.70828900280492, 83.77212496372957, 83.8388625592417, 84.03133765354482, 83.92010832769127, 84.12225553728601, 84.19479640197311], "val_acc": [33.901205756514976, 47.95021392454298, 54.484636328276935, 61.75029171528588, 64.81524698560871, 67.34344612991055, 68.99260987942435, 71.18630882924931, 72.57876312718787, 72.96771684169583, 74.58576429404901, 75.04472967716842, 75.40256709451575, 76.69389342668222, 76.88837028393621, 77.11396343835084, 76.74834694671334, 76.82613768961494, 76.12602100350058, 78.45974329054843, 78.46752236483859, 78.16413846752236, 78.66199922209258, 78.94204589653832, 78.38195254764683, 79.81330221703617, 79.59548813691171, 80.19447685725399, 80.63788409179308, 80.71567483469467, 81.01127965772073, 81.04239595488137, 80.84791909762738, 81.27576818358615, 81.29132633216648, 81.32244262932711, 81.7269544924154, 81.44690781796966, 81.90587320108907, 81.86697782963827, 82.04589653831194, 81.85141968105795, 82.12368728121353, 82.60598988720342, 82.14702450408402, 82.46596654998055, 82.60598988720342, 82.79268767016725, 82.59043173862311, 82.84714119019837]}