{"train_loss": [1.9606106437300101, 1.082540719705348, 0.8990109126535383, 0.8058128030694062, 0.746394848875185, 0.6986406020045576, 0.6647791897158811, 0.6375192938335609, 0.6144356233538082, 0.5968261600130855, 0.5794877297161977, 0.5647356581256384, 0.5542655724958323, 0.541155627827243, 0.5296590318165646, 0.5203857863238911, 0.5115924126855882, 0.5051666391312634, 0.49750430943757884, 0.49090581368378333, 0.4808539458006473, 0.4774535801584399, 0.47300122346323314, 0.4636830186452901, 0.46122231889553, 0.4580626038391844, 0.4538094016843208, 0.4475918105794209], "val_loss": [1.266743044058482, 1.0004151353788613, 0.8827042226767658, 0.8060202542229078, 0.7926601319763791, 0.7272325508037016, 0.7070698312562497, 0.6704859066365371, 0.6461959051255562, 0.6237394790447767, 0.6443804277116386, 0.6155842733916952, 0.6426692146863511, 0.608533130652869, 0.607124855269247, 0.5888222893375662, 0.5726566494845632, 0.5762859823098824, 0.564818652115058, 0.5652932030199772, 0.56813277860186, 0.5659071311577043, 0.5571844419140127, 0.5635420350144752, 0.5692812629155258, 0.5619224192787758, 0.5678217792837181, 0.5896807921614813], "train_acc": [41.65296450333688, 68.47374020698327, 73.45971563981043, 76.24818647838282, 78.0413966534481, 79.37227971757423, 80.67124480123803, 81.36860431376341, 81.96150498113937, 82.52152045652385, 83.00222458651707, 83.55256794660993, 83.72182996421317, 84.04874746106974, 84.47625495695908, 84.72192668536609, 84.94922139471902, 85.20166360383016, 85.1958603346552, 85.48022052422864, 85.82067898249348, 85.86613792436405, 86.07118676854628, 86.21530128639134, 86.29074378566592, 86.44066157268594, 86.61766128252249, 86.71921849308444], "val_acc": [63.87397899649942, 70.39284325165305, 73.7222870478413, 76.12602100350058, 76.84169583819525, 79.12096460521198, 79.51769739401011, 80.29560482302605, 80.72345390898484, 81.94476857253987, 81.15908206923376, 82.37261765849864, 81.56359393232205, 82.58265266433294, 82.25593154414625, 82.88603656164916, 83.2438739789965, 83.32166472189809, 83.4928043562816, 83.46168805912096, 83.60171139634383, 83.48502528199144, 83.95176973940102, 83.79618825359782, 83.7417347335667, 83.9751069622715, 83.8195254764683, 83.23609490470633]}