{"train_loss": [2.425708011235341, 1.6589204564985662, 1.3403772821668352, 1.1404790378885694, 1.0187842693954412, 0.9324476283855072, 0.8652545141590999, 0.8117602324980026, 0.7717871507721963, 0.7384418780076327, 0.7132467454723498, 0.6888500614700341, 0.6700748185083123, 0.6539925754734195, 0.639849768868546, 0.624303246138267, 0.6084795058013337, 0.5953792111007589, 0.5827573028734268, 0.5736016497974938, 0.5621457364188858, 0.5534309657880723, 0.5474600721943644, 0.5378636743338538, 0.5319655323308883, 0.5229077448718028, 0.5181283201690358, 0.511227309159787, 0.5070734559881067, 0.500685456384084, 0.49362974443316165, 0.48920152914977755, 0.483862402019008, 0.47796485654198295, 0.47443781750700853, 0.4693158945935492, 0.46446108518371193, 0.460930705301021, 0.45647779825871976, 0.45418152861334016, 0.4479987465287789, 0.44335375285458445, 0.4403337048329782, 0.4358725832074438, 0.4325101266817955, 0.42923217435542604, 0.426755539837782, 0.42377989793583604, 0.4187311350672257, 0.4151247759801474], "val_loss": [1.8576836164910995, 1.5033799534413352, 1.26702657860903, 1.0724514678343018, 0.9885472376548236, 0.973510697854692, 0.8614524632544067, 0.8780343851343316, 0.8384536651533041, 0.7884040680987325, 0.7907574209407787, 0.7195804971664106, 0.7197897922043777, 0.692674090020099, 0.683243756122257, 0.6672720020979791, 0.6563316281162092, 0.6709655234173163, 0.6631447792942844, 0.6353744914875695, 0.6177749366161243, 0.6246074269066996, 0.6229809297257988, 0.6256766228830043, 0.6359208561294708, 0.5925869350113085, 0.5985164875118294, 0.5898390295938473, 0.5759933511564388, 0.5785656602524999, 0.5771393414901856, 0.5671815458518356, 0.5676624766036645, 0.5626156143288115, 0.5709330224575688, 0.5645793103311786, 0.5622615929859788, 0.5590127443347997, 0.5678078104459231, 0.5567468232776395, 0.5533522115417974, 0.5519238371605897, 0.5534585030814309, 0.564124893044951, 0.5470724084335773, 0.5421850716889794, 0.5470951825232055, 0.5453496721401736, 0.5526844286058673, 0.5393441143024027], "train_acc": [23.805010155721057, 48.613018667182516, 60.02708192281652, 66.30235032401586, 69.8346068285134, 72.14430796015088, 74.24799303607699, 75.71622013734404, 76.95134926008318, 77.87793790501983, 78.48147789921656, 79.3858206789825, 79.76109875229713, 80.41493374601025, 80.79311345391237, 81.31347325660121, 81.86091498210659, 82.32324209304575, 82.72270045458941, 83.05832285520843, 83.33204371796111, 83.70442015668827, 83.85723957829578, 84.11064899893607, 84.25959957442693, 84.56233678305445, 84.64454976303317, 84.86797562626947, 85.044975336106, 85.11945062385144, 85.36318792920012, 85.50246638939936, 85.72976109875229, 85.82067898249348, 85.89708869329722, 86.05861301866719, 86.18144888287068, 86.32943224683238, 86.41454686139859, 86.48128445691073, 86.73566108908018, 86.89138214527517, 86.83721829964213, 87.00164425959957, 87.13318502756553, 87.22120127671921, 87.27246348776477, 87.2492504110649, 87.46590579359706, 87.51136473546765], "val_acc": [42.551536367172304, 55.270322831583044, 63.12718786464411, 68.4636328276935, 70.13613380007779, 70.86736678335278, 74.64021781408013, 73.86231038506418, 74.95138078568651, 76.56164916374951, 76.390509529366, 78.70089459354337, 78.58420847919098, 79.44768572539867, 79.93776740567873, 80.2878257487359, 80.63788409179308, 80.33450019447686, 80.83236094904706, 81.3613380007779, 82.21703617269544, 81.75807078957604, 82.19369894982498, 82.0925709840529, 81.804745235317, 82.66044340723454, 83.01050175029171, 83.1660832360949, 83.46946713341113, 83.21275768183587, 83.5316997277324, 83.77285103072734, 83.52392065344225, 83.78840917930766, 83.5705950991832, 83.64060676779464, 83.93621159082069, 83.91287436795021, 83.75729288214703, 84.00622325943213, 84.33294437961882, 84.1851419681058, 84.08401400233372, 83.58615324776352, 84.30182808245819, 84.51186308829249, 84.29404900816803, 84.19292104239595, 84.36406067677946, 84.61299105406457]}