{"train_loss": [1.8619268204979966, 1.0262212389619043, 0.8392723250470244, 0.7591258547462449, 0.6964581831367594, 0.6585745775684861, 0.6247882791564311, 0.6022878536345935, 0.5851004483030722, 0.5662993402358624, 0.5507334347279502, 0.5386435080522506, 0.526674667603825, 0.519307275754538, 0.5081158677706181, 0.49872511685226517, 0.4925695523103275, 0.48442999518817603, 0.4789156232232062, 0.4722305165861945, 0.4637649365894423, 0.4608099978269622, 0.45146163611091894, 0.4496846452936309, 0.4460619326524141, 0.43949219359011193, 0.431582018092164, 0.4286908861572421, 0.4256778125061036, 0.4185156861393906, 0.41562776848452515, 0.4130239621759162, 0.4086587131115617, 0.40546197057609434, 0.4017033182674705], "val_loss": [1.178943902402375, 0.9130105720230596, 0.8074083685578398, 0.7442648083119843, 0.7135807139363455, 0.6520891437927882, 0.6213002402094466, 0.6509309921098586, 0.6043592856001498, 0.6143626628527, 0.5702174164317734, 0.5747241855260745, 0.5888801501016712, 0.5591128369172415, 0.5500722878163133, 0.5755422577929141, 0.5512489715025792, 0.533477279751455, 0.5374834565677453, 0.5318532405949351, 0.546691912175411, 0.5310411213790599, 0.5460488484866584, 0.5398438891664666, 0.5380869391397457, 0.526687459640242, 0.5395106806683896, 0.5462232155734627, 0.5292778018102124, 0.5248759385958239, 0.5323444481809341, 0.5274274166840226, 0.530056916585016, 0.5297463524400892, 0.524902252193114], "train_acc": [43.71892832962569, 69.89167230873392, 75.48118773575781, 77.67965954154174, 79.72724634877648, 81.03781797079021, 82.04758680723474, 82.58729084050682, 83.08056872037915, 83.59899410000968, 84.0042557307283, 84.39694361156785, 84.75577908888674, 84.88248379920688, 85.28871264145468, 85.44443369764967, 85.6543185994777, 85.93384273140536, 86.12148176806268, 86.28300609343263, 86.41454686139859, 86.55672695618532, 86.77725118483413, 86.80336589612148, 87.01711964406616, 87.2144307960151, 87.32275848728116, 87.34113550633523, 87.48815165876778, 87.68739723377503, 87.7957249250411, 87.89534771254473, 87.88664280878228, 87.98916723087339, 88.20775703646387], "val_acc": [65.30532866588877, 73.21664721898094, 76.11824192921043, 78.2730455075846, 79.29210423959549, 81.12796577207313, 81.99144301828082, 81.22131466355503, 82.6293271100739, 82.43485025281991, 83.67950213924543, 83.58615324776352, 83.4539089848308, 83.87397899649942, 84.23959548813691, 83.72617658498639, 84.27071178529755, 84.67522364838584, 84.76857253986776, 84.70633994554647, 84.49630493971218, 84.76857253986776, 84.60521197977441, 84.51964216258266, 84.7996888370284, 84.9708284714119, 84.77635161415792, 84.61299105406457, 84.9319330999611, 85.21197977440684, 85.05639828860366, 85.20420070011669, 85.19642162582653, 84.89303772851031, 85.28977051730844]}