{"train_loss": [1.2983060520105432, 0.7332658741973562, 0.6287227130338254, 0.5787173237301187, 0.5459475052164923, 0.5217015522965552, 0.5020066164387851, 0.48453705613086423, 0.46994958428831973, 0.4585664201998106, 0.44618586333708304, 0.43452648642371494, 0.4277251984297049, 0.4186560531736969, 0.41265598934899905], "val_loss": [0.8394727195376781, 0.6954494894143954, 0.6063069779778001, 0.5874470550177703, 0.5792514115423706, 0.5723761870196803, 0.5618257303884373, 0.5365554542090762, 0.5326284463725873, 0.5100113662024636, 0.5293963068901603, 0.5462842448730374, 0.5324677202238965, 0.5359229550729343, 0.5243336748127914], "train_acc": [60.69832672405455, 78.33542895831319, 81.66553825321598, 83.14924073894962, 84.0371409227198, 84.65325466679563, 85.24228648805494, 85.73749879098558, 86.11471128735855, 86.48998936067318, 86.7579069542509, 87.04226714382436, 87.28890608376052, 87.54521713898829, 87.6806267530709], "val_acc": [75.44924154025671, 79.66549980552314, 82.38817580707895, 83.01828082458188, 83.10385064177363, 83.69506028782575, 83.99844418514196, 84.58965383119408, 84.7996888370284, 85.28977051730844, 84.93971217425127, 84.21625826526643, 84.63632827693505, 85.07973551147414, 85.26643329443796]}